framework_id,domain,subdomain,item_id,item_type,question_text,maturity_level,text_english,response_type,scoring_note
IS4H_ORG,Knowledge Management and Sharing,Knowledge Processes (KM),KMO_3.1,heading,Knowledge Processes (KM),,"Knowledge management methodologies and mechanisms to improve decision-making, capture, share and measure institutional knowledge.",,
IS4H_ORG,Knowledge Management and Sharing,Knowledge Processes (KM),KMO_3.1.1,question,Knowledge Processes (KM),1,"Knowledge sharing in the institution is ad hoc and institutional knowledge resides with key individuals rather that on repeatable processes documented in unit descriptions, job descriptions, policies and SOPs.",scale,
IS4H_ORG,Knowledge Management and Sharing,Knowledge Processes (KM),KMO_3.1.1,question,Knowledge Processes (KM),2,"There are some basic knowledge management mechanism and processes (e.g. formal meeting notes, trip reports, SOPs, documentation etc.) in place but not always accessible and updated and are not required in policy or practice.",scale,
IS4H_ORG,Knowledge Management and Sharing,Knowledge Processes (KM),KMO_3.1.1,question,Knowledge Processes (KM),3,"There are numerous knowledge management processes defined (lessons learned, trip reports, mentoring, shadowing, etc.) guided by formal policies and procedures. There is a formal basic KM strategy at the institutional level",scale,
IS4H_ORG,Knowledge Management and Sharing,Knowledge Processes (KM),KMO_3.1.1,question,Knowledge Processes (KM),4,"Knowledge management sharing is integrated into business processes, job descriptions and institutional functions. Metrics are used to quantitatively measure institutional knowledge management processes and capacities, and continuously improve performance.",scale,
IS4H_ORG,Knowledge Management and Sharing,Knowledge Processes (KM),KMO_3.1.1,question,Knowledge Processes (KM),5,"Health authorities and their multisectoral partners are fully learning organizations: The institutional culture encourages the free-flow of knowledge throughout the organization, enabled by KM processes, tools and technology.",scale,
IS4H_ORG,Knowledge Management and Sharing,Knowledge Processes (KM),KMO_3.1.2,question,There is an official institutional taxonomy for the classification of documents,1,Not used,scale,
IS4H_ORG,Knowledge Management and Sharing,Knowledge Processes (KM),KMO_3.1.2,question,There is an official institutional taxonomy for the classification of documents,2,Awarded of them but not implemented,scale,
IS4H_ORG,Knowledge Management and Sharing,Knowledge Processes (KM),KMO_3.1.2,question,There is an official institutional taxonomy for the classification of documents,3,Defined and implemented in some entities,scale,
IS4H_ORG,Knowledge Management and Sharing,Knowledge Processes (KM),KMO_3.1.2,question,There is an official institutional taxonomy for the classification of documents,4,Formally defined and adopted institution-wide,scale,
IS4H_ORG,Knowledge Management and Sharing,Knowledge Processes (KM),KMO_3.1.2,question,There is an official institutional taxonomy for the classification of documents,5,Fully implemented institutionally,scale,
IS4H_ORG,Knowledge Management and Sharing,Knowledge Processes (KM),KMO_3.1.3,question,Use of Knowledge Managment metrics,1,There are no metrics on the use of KM tools,scale,
IS4H_ORG,Knowledge Management and Sharing,Knowledge Processes (KM),KMO_3.1.3,question,Use of Knowledge Managment metrics,2,There are some metrics of use on some KM tools used for basic use reports to authorities,scale,
IS4H_ORG,Knowledge Management and Sharing,Knowledge Processes (KM),KMO_3.1.3,question,Use of Knowledge Managment metrics,3,Metrics are used to quantitatively measure institutional knowledge management processes and capacities,scale,
IS4H_ORG,Knowledge Management and Sharing,Knowledge Processes (KM),KMO_3.1.3,question,Use of Knowledge Managment metrics,4,Result of KM metrics is used for statistics and diagnosis,scale,
IS4H_ORG,Knowledge Management and Sharing,Knowledge Processes (KM),KMO_3.1.3,question,Use of Knowledge Managment metrics,5,The result of KM metrics Are used to improve performance,scale,
IS4H_ORG,Knowledge Management and Sharing,Knowledge Processes (KM),KMO_3.1.4,question,Knowledge transfer from experienced to new staff is,1,Not practiced,scale,
IS4H_ORG,Knowledge Management and Sharing,Knowledge Processes (KM),KMO_3.1.4,question,Knowledge transfer from experienced to new staff is,2,Practiced ad hoc as an individual initiative,scale,
IS4H_ORG,Knowledge Management and Sharing,Knowledge Processes (KM),KMO_3.1.4,question,Knowledge transfer from experienced to new staff is,3,Process and/or SOP under development,scale,
IS4H_ORG,Knowledge Management and Sharing,Knowledge Processes (KM),KMO_3.1.4,question,Knowledge transfer from experienced to new staff is,4,"Part of the institutional policy, but not consistently practiced",scale,
IS4H_ORG,Knowledge Management and Sharing,Knowledge Processes (KM),KMO_3.1.4,question,Knowledge transfer from experienced to new staff is,5,Part of the Institutional policy and fully implemented,scale,
IS4H_ORG,Knowledge Management and Sharing,Knowledge Processes (KM),KMO_3.1.5,question,Institutional knowledge is shared,1,Not shared,scale,
IS4H_ORG,Knowledge Management and Sharing,Knowledge Processes (KM),KMO_3.1.5,question,Institutional knowledge is shared,2,"On demand and in person, is an individual voluntary process based on confidence",scale,
IS4H_ORG,Knowledge Management and Sharing,Knowledge Processes (KM),KMO_3.1.5,question,Institutional knowledge is shared,3,Some teams/units/departments do as part of their institutional processes,scale,
IS4H_ORG,Knowledge Management and Sharing,Knowledge Processes (KM),KMO_3.1.5,question,Institutional knowledge is shared,4,Formal process under development in the entire organization,scale,
IS4H_ORG,Knowledge Management and Sharing,Knowledge Processes (KM),KMO_3.1.5,question,Institutional knowledge is shared,5,Established in a formal process and operationalized among areas of the organization,scale,
IS4H_ORG,Knowledge Management and Sharing,Knowledge Processes (KM),KMO_3.1.6,question,There is a coaching and mentoring program,1,Not existent,scale,
IS4H_ORG,Knowledge Management and Sharing,Knowledge Processes (KM),KMO_3.1.6,question,There is a coaching and mentoring program,2,Practiced ad hoc as an individual initiative,scale,
IS4H_ORG,Knowledge Management and Sharing,Knowledge Processes (KM),KMO_3.1.6,question,There is a coaching and mentoring program,3,"Some teams/units/departments are developing a program, currently informal initiatives",scale,
IS4H_ORG,Knowledge Management and Sharing,Knowledge Processes (KM),KMO_3.1.6,question,There is a coaching and mentoring program,4,Most teams/units/departments have a program in place,scale,
IS4H_ORG,Knowledge Management and Sharing,Knowledge Processes (KM),KMO_3.1.6,question,There is a coaching and mentoring program,5,In process of implementation through all the institution,scale,
IS4H_ORG,Knowledge Management and Sharing,Knowledge Processes (KM),KMO_3.1.7,subheading,There are established KM institutional methodologies for:,,,,
IS4H_ORG,Knowledge Management and Sharing,Knowledge Processes (KM),KMO_3.1.7.1,question,Preservation of the institutional memory,1,No,scale,
IS4H_ORG,Knowledge Management and Sharing,Knowledge Processes (KM),KMO_3.1.7.1,question,Preservation of the institutional memory,2,"On demand and in person, is an individual voluntary process based on confidence",scale,
IS4H_ORG,Knowledge Management and Sharing,Knowledge Processes (KM),KMO_3.1.7.1,question,Preservation of the institutional memory,3,"Some teams/units/departments have, as part of their institutional processes",scale,
IS4H_ORG,Knowledge Management and Sharing,Knowledge Processes (KM),KMO_3.1.7.1,question,Preservation of the institutional memory,4,Formal process under development in the entire institution,scale,
IS4H_ORG,Knowledge Management and Sharing,Knowledge Processes (KM),KMO_3.1.7.1,question,Preservation of the institutional memory,5,Established in a formal process and operationalized among areas of the organization with continuous improvement,scale,
IS4H_ORG,Knowledge Management and Sharing,Knowledge Processes (KM),KMO_3.1.7.2,question,Open access/open source,1,No,scale,
IS4H_ORG,Knowledge Management and Sharing,Knowledge Processes (KM),KMO_3.1.7.2,question,Open access/open source,2,"On demand and in person, is an individual voluntary process based on confidence",scale,
IS4H_ORG,Knowledge Management and Sharing,Knowledge Processes (KM),KMO_3.1.7.2,question,Open access/open source,3,"Some teams/units/departments have, as part of their institutional processes",scale,
IS4H_ORG,Knowledge Management and Sharing,Knowledge Processes (KM),KMO_3.1.7.2,question,Open access/open source,4,Formal process under development in the entire institution,scale,
IS4H_ORG,Knowledge Management and Sharing,Knowledge Processes (KM),KMO_3.1.7.2,question,Open access/open source,5,Established in a formal process and operationalized among areas of the organization with continuous improvement,scale,
IS4H_ORG,Knowledge Management and Sharing,Knowledge Processes (KM),KMO_3.1.7.3,question,Research for health,1,No,scale,
IS4H_ORG,Knowledge Management and Sharing,Knowledge Processes (KM),KMO_3.1.7.3,question,Research for health,2,"On demand and in person, is an individual voluntary process based on confidence",scale,
IS4H_ORG,Knowledge Management and Sharing,Knowledge Processes (KM),KMO_3.1.7.3,question,Research for health,3,"Some teams/units/departments have, as part of their institutional processes",scale,
IS4H_ORG,Knowledge Management and Sharing,Knowledge Processes (KM),KMO_3.1.7.3,question,Research for health,4,Formal process under development in the entire institution,scale,
IS4H_ORG,Knowledge Management and Sharing,Knowledge Processes (KM),KMO_3.1.7.3,question,Research for health,5,Established in a formal process and operationalized among areas of the organization with continuous improvement,scale,
IS4H_ORG,Knowledge Management and Sharing,Knowledge Processes (KM),KMO_3.1.7.4,question,Repositories,1,No,scale,
IS4H_ORG,Knowledge Management and Sharing,Knowledge Processes (KM),KMO_3.1.7.4,question,Repositories,2,"On demand and in person, is an individual voluntary process based on confidence",scale,
IS4H_ORG,Knowledge Management and Sharing,Knowledge Processes (KM),KMO_3.1.7.4,question,Repositories,3,"Some teams/units/departments have, as part of their institutional processes",scale,
IS4H_ORG,Knowledge Management and Sharing,Knowledge Processes (KM),KMO_3.1.7.4,question,Repositories,4,Formal process under development in the entire institution,scale,
IS4H_ORG,Knowledge Management and Sharing,Knowledge Processes (KM),KMO_3.1.7.4,question,Repositories,5,Established in a formal process and operationalized among areas of the organization with continuous improvement,scale,
IS4H_ORG,Knowledge Management and Sharing,Knowledge Processes (KM),KMO_3.1.7.5,question,Information access,1,No,scale,
IS4H_ORG,Knowledge Management and Sharing,Knowledge Processes (KM),KMO_3.1.7.5,question,Information access,2,"On demand and in person, is an individual voluntary process based on confidence",scale,
IS4H_ORG,Knowledge Management and Sharing,Knowledge Processes (KM),KMO_3.1.7.5,question,Information access,3,"Some teams/units/departments have, as part of their institutional processes",scale,
IS4H_ORG,Knowledge Management and Sharing,Knowledge Processes (KM),KMO_3.1.7.5,question,Information access,4,Formal process under development in the entire institution,scale,
IS4H_ORG,Knowledge Management and Sharing,Knowledge Processes (KM),KMO_3.1.7.5,question,Information access,5,Established in a formal process and operationalized among areas of the organization with continuous improvement,scale,
IS4H_ORG,Knowledge Management and Sharing,Knowledge Processes (KM),KMO_3.1.7.6,question,Editorial or publishing,1,No,scale,
IS4H_ORG,Knowledge Management and Sharing,Knowledge Processes (KM),KMO_3.1.7.6,question,Editorial or publishing,2,"On demand and in person, is an individual voluntary process based on confidence",scale,
IS4H_ORG,Knowledge Management and Sharing,Knowledge Processes (KM),KMO_3.1.7.6,question,Editorial or publishing,3,"Some teams/units/departments have, as part of their institutional processes",scale,
IS4H_ORG,Knowledge Management and Sharing,Knowledge Processes (KM),KMO_3.1.7.6,question,Editorial or publishing,4,Formal process under development in the entire institution,scale,
IS4H_ORG,Knowledge Management and Sharing,Knowledge Processes (KM),KMO_3.1.7.6,question,Editorial or publishing,5,Established in a formal process and operationalized among areas of the organization with continuous improvement,scale,
IS4H_ORG,Knowledge Management and Sharing,Knowledge Processes (KM),KMO_3.1.7.7,question,Mentoring,1,No,scale,
IS4H_ORG,Knowledge Management and Sharing,Knowledge Processes (KM),KMO_3.1.7.7,question,Mentoring,2,"On demand and in person, is an individual voluntary process based on confidence",scale,
IS4H_ORG,Knowledge Management and Sharing,Knowledge Processes (KM),KMO_3.1.7.7,question,Mentoring,3,"Some teams/units/departments have, as part of their institutional processes",scale,
IS4H_ORG,Knowledge Management and Sharing,Knowledge Processes (KM),KMO_3.1.7.7,question,Mentoring,4,Formal process under development in the entire institution,scale,
IS4H_ORG,Knowledge Management and Sharing,Knowledge Processes (KM),KMO_3.1.7.7,question,Mentoring,5,Established in a formal process and operationalized among areas of the organization with continuous improvement,scale,
IS4H_ORG,Knowledge Management and Sharing,Knowledge Processes (KM),KMO_3.1.7.8,question,Travel reports,1,No,scale,
IS4H_ORG,Knowledge Management and Sharing,Knowledge Processes (KM),KMO_3.1.7.8,question,Travel reports,2,"On demand and in person, is an individual voluntary process based on confidence",scale,
IS4H_ORG,Knowledge Management and Sharing,Knowledge Processes (KM),KMO_3.1.7.8,question,Travel reports,3,"Some teams/units/departments have, as part of their institutional processes",scale,
IS4H_ORG,Knowledge Management and Sharing,Knowledge Processes (KM),KMO_3.1.7.8,question,Travel reports,4,Formal process under development in the entire institution,scale,
IS4H_ORG,Knowledge Management and Sharing,Knowledge Processes (KM),KMO_3.1.7.8,question,Travel reports,5,Established in a formal process and operationalized among areas of the organization with continuous improvement,scale,
IS4H_ORG,Knowledge Management and Sharing,Knowledge Processes (KM),KMO_3.1.7.9,question,Meeting reports,1,No,scale,
IS4H_ORG,Knowledge Management and Sharing,Knowledge Processes (KM),KMO_3.1.7.9,question,Meeting reports,2,"On demand and in person, is an individual voluntary process based on confidence",scale,
IS4H_ORG,Knowledge Management and Sharing,Knowledge Processes (KM),KMO_3.1.7.9,question,Meeting reports,3,"Some teams/units/departments have, as part of their institutional processes",scale,
IS4H_ORG,Knowledge Management and Sharing,Knowledge Processes (KM),KMO_3.1.7.9,question,Meeting reports,4,Formal process under development in the entire institution,scale,
IS4H_ORG,Knowledge Management and Sharing,Knowledge Processes (KM),KMO_3.1.7.9,question,Meeting reports,5,Established in a formal process and operationalized among areas of the organization with continuous improvement,scale,
IS4H_ORG,Knowledge Management and Sharing,Knowledge Processes (KM),KMO_3.1.7.10,question,Communities of practice,1,No,scale,
IS4H_ORG,Knowledge Management and Sharing,Knowledge Processes (KM),KMO_3.1.7.10,question,Communities of practice,2,"On demand and in person, is an individual voluntary process based on confidence",scale,
IS4H_ORG,Knowledge Management and Sharing,Knowledge Processes (KM),KMO_3.1.7.10,question,Communities of practice,3,"Some teams/units/departments have, as part of their institutional processes",scale,
IS4H_ORG,Knowledge Management and Sharing,Knowledge Processes (KM),KMO_3.1.7.10,question,Communities of practice,4,Formal process under development in the entire institution,scale,
IS4H_ORG,Knowledge Management and Sharing,Knowledge Processes (KM),KMO_3.1.7.10,question,Communities of practice,5,Established in a formal process and operationalized among areas of the organization with continuous improvement,scale,
IS4H_ORG,Knowledge Management and Sharing,Knowledge Processes (KM),KMO_3.1.7.11,question,Lessons learned,1,No,scale,
IS4H_ORG,Knowledge Management and Sharing,Knowledge Processes (KM),KMO_3.1.7.11,question,Lessons learned,2,"On demand and in person, is an individual voluntary process based on confidence",scale,
IS4H_ORG,Knowledge Management and Sharing,Knowledge Processes (KM),KMO_3.1.7.11,question,Lessons learned,3,"Some teams/units/departments have, as part of their institutional processes",scale,
IS4H_ORG,Knowledge Management and Sharing,Knowledge Processes (KM),KMO_3.1.7.11,question,Lessons learned,4,Formal process under development in the entire institution,scale,
IS4H_ORG,Knowledge Management and Sharing,Knowledge Processes (KM),KMO_3.1.7.11,question,Lessons learned,5,Established in a formal process and operationalized among areas of the organization with continuous improvement,scale,
IS4H_ORG,Knowledge Management and Sharing,Knowledge Processes (KM),KMO_3.1.7.12,question,Critical Information sharing and managing,1,No,scale,
IS4H_ORG,Knowledge Management and Sharing,Knowledge Processes (KM),KMO_3.1.7.12,question,Critical Information sharing and managing,2,"On demand and in person, is an individual voluntary process based on confidence",scale,
IS4H_ORG,Knowledge Management and Sharing,Knowledge Processes (KM),KMO_3.1.7.12,question,Critical Information sharing and managing,3,"Some teams/units/departments have, as part of their institutional processes",scale,
IS4H_ORG,Knowledge Management and Sharing,Knowledge Processes (KM),KMO_3.1.7.12,question,Critical Information sharing and managing,4,Formal process under development in the entire institution,scale,
IS4H_ORG,Knowledge Management and Sharing,Knowledge Processes (KM),KMO_3.1.7.12,question,Critical Information sharing and managing,5,Established in a formal process and operationalized among areas of the organization with continuous improvement,scale,
IS4H_ORG,Knowledge Management and Sharing,Knowledge Processes (KM),KMO_3.1.7.13,question,Virtual meetings,1,No,scale,
IS4H_ORG,Knowledge Management and Sharing,Knowledge Processes (KM),KMO_3.1.7.13,question,Virtual meetings,2,"On demand and in person, is an individual voluntary process based on confidence",scale,
IS4H_ORG,Knowledge Management and Sharing,Knowledge Processes (KM),KMO_3.1.7.13,question,Virtual meetings,3,"Some teams/units/departments have, as part of their institutional processes",scale,
IS4H_ORG,Knowledge Management and Sharing,Knowledge Processes (KM),KMO_3.1.7.13,question,Virtual meetings,4,Formal process under development in the entire institution,scale,
IS4H_ORG,Knowledge Management and Sharing,Knowledge Processes (KM),KMO_3.1.7.13,question,Virtual meetings,5,Established in a formal process and operationalized among areas of the organization with continuous improvement,scale,
IS4H_ORG,Knowledge Management and Sharing,Knowledge Processes (KM),KMO_3.1.7.14,question,Social networking,1,No,scale,
IS4H_ORG,Knowledge Management and Sharing,Knowledge Processes (KM),KMO_3.1.7.14,question,Social networking,2,"On demand and in person, is an individual voluntary process based on confidence",scale,
IS4H_ORG,Knowledge Management and Sharing,Knowledge Processes (KM),KMO_3.1.7.14,question,Social networking,3,"Some teams/units/departments have, as part of their institutional processes",scale,
IS4H_ORG,Knowledge Management and Sharing,Knowledge Processes (KM),KMO_3.1.7.14,question,Social networking,4,Formal process under development in the entire institution,scale,
IS4H_ORG,Knowledge Management and Sharing,Knowledge Processes (KM),KMO_3.1.7.14,question,Social networking,5,Established in a formal process and operationalized among areas of the organization with continuous improvement,scale,
IS4H_ORG,Knowledge Management and Sharing,Knowledge Processes (KM),KMO_3.1.8,subheading,There is a KM policy including,,,,
IS4H_ORG,Knowledge Management and Sharing,Knowledge Processes (KM),KMO_3.1.8.1,question,Preservation of the institutional memory,1,No,scale,
IS4H_ORG,Knowledge Management and Sharing,Knowledge Processes (KM),KMO_3.1.8.1,question,Preservation of the institutional memory,2,"On demand and in person, is an individual voluntary process based on confident",scale,
IS4H_ORG,Knowledge Management and Sharing,Knowledge Processes (KM),KMO_3.1.8.1,question,Preservation of the institutional memory,3,"Some teams/units/departments have, as part of their institutional processes",scale,
IS4H_ORG,Knowledge Management and Sharing,Knowledge Processes (KM),KMO_3.1.8.1,question,Preservation of the institutional memory,4,Formal process under development in the entire institution,scale,
IS4H_ORG,Knowledge Management and Sharing,Knowledge Processes (KM),KMO_3.1.8.1,question,Preservation of the institutional memory,5,Established in a formal process and operationalized among areas of the organization with continuous improvement,scale,
IS4H_ORG,Knowledge Management and Sharing,Knowledge Processes (KM),KMO_3.1.8.2,question,Open access/open source,1,No,scale,
IS4H_ORG,Knowledge Management and Sharing,Knowledge Processes (KM),KMO_3.1.8.2,question,Open access/open source,2,"On demand and in person, is an individual voluntary process based on confident",scale,
IS4H_ORG,Knowledge Management and Sharing,Knowledge Processes (KM),KMO_3.1.8.2,question,Open access/open source,3,"Some teams/units/departments have, as part of their institutional processes",scale,
IS4H_ORG,Knowledge Management and Sharing,Knowledge Processes (KM),KMO_3.1.8.2,question,Open access/open source,4,Formal process under development in the entire institution,scale,
IS4H_ORG,Knowledge Management and Sharing,Knowledge Processes (KM),KMO_3.1.8.2,question,Open access/open source,5,Established in a formal process and operationalized among areas of the organization with continuous improvement,scale,
IS4H_ORG,Knowledge Management and Sharing,Knowledge Processes (KM),KMO_3.1.8.3,question,Research for health,1,No,scale,
IS4H_ORG,Knowledge Management and Sharing,Knowledge Processes (KM),KMO_3.1.8.3,question,Research for health,2,"On demand and in person, is an individual voluntary process based on confident",scale,
IS4H_ORG,Knowledge Management and Sharing,Knowledge Processes (KM),KMO_3.1.8.3,question,Research for health,3,"Some teams/units/departments have, as part of their institutional processes",scale,
IS4H_ORG,Knowledge Management and Sharing,Knowledge Processes (KM),KMO_3.1.8.3,question,Research for health,4,Formal process under development in the entire institution,scale,
IS4H_ORG,Knowledge Management and Sharing,Knowledge Processes (KM),KMO_3.1.8.3,question,Research for health,5,Established in a formal process and operationalized among areas of the organization with continuous improvement,scale,
IS4H_ORG,Knowledge Management and Sharing,Knowledge Processes (KM),KMO_3.1.8.4,question,Repositories,1,No,scale,
IS4H_ORG,Knowledge Management and Sharing,Knowledge Processes (KM),KMO_3.1.8.4,question,Repositories,2,"On demand and in person, is an individual voluntary process based on confident",scale,
IS4H_ORG,Knowledge Management and Sharing,Knowledge Processes (KM),KMO_3.1.8.4,question,Repositories,3,"Some teams/units/departments have, as part of their institutional processes",scale,
IS4H_ORG,Knowledge Management and Sharing,Knowledge Processes (KM),KMO_3.1.8.4,question,Repositories,4,Formal process under development in the entire institution,scale,
IS4H_ORG,Knowledge Management and Sharing,Knowledge Processes (KM),KMO_3.1.8.4,question,Repositories,5,Established in a formal process and operationalized among areas of the organization with continuous improvement,scale,
IS4H_ORG,Knowledge Management and Sharing,Knowledge Processes (KM),KMO_3.1.8.5,question,Information access,1,No,scale,
IS4H_ORG,Knowledge Management and Sharing,Knowledge Processes (KM),KMO_3.1.8.5,question,Information access,2,"On demand and in person, is an individual voluntary process based on confident",scale,
IS4H_ORG,Knowledge Management and Sharing,Knowledge Processes (KM),KMO_3.1.8.5,question,Information access,3,"Some teams/units/departments have, as part of their institutional processes",scale,
IS4H_ORG,Knowledge Management and Sharing,Knowledge Processes (KM),KMO_3.1.8.5,question,Information access,4,Formal process under development in the entire institution,scale,
IS4H_ORG,Knowledge Management and Sharing,Knowledge Processes (KM),KMO_3.1.8.5,question,Information access,5,Established in a formal process and operationalized among areas of the organization with continuous improvement,scale,
IS4H_ORG,Knowledge Management and Sharing,Knowledge Processes (KM),KMO_3.1.8.6,question,Editorial or publishing,1,No,scale,
IS4H_ORG,Knowledge Management and Sharing,Knowledge Processes (KM),KMO_3.1.8.6,question,Editorial or publishing,2,"On demand and in person, is an individual voluntary process based on confident",scale,
IS4H_ORG,Knowledge Management and Sharing,Knowledge Processes (KM),KMO_3.1.8.6,question,Editorial or publishing,3,"Some teams/units/departments have, as part of their institutional processes",scale,
IS4H_ORG,Knowledge Management and Sharing,Knowledge Processes (KM),KMO_3.1.8.6,question,Editorial or publishing,4,Formal process under development in the entire institution,scale,
IS4H_ORG,Knowledge Management and Sharing,Knowledge Processes (KM),KMO_3.1.8.6,question,Editorial or publishing,5,Established in a formal process and operationalized among areas of the organization with continuous improvement,scale,
IS4H_ORG,Knowledge Management and Sharing,Knowledge Processes (KM),KMO_3.1.8.7,question,Mentoring,1,No,scale,
IS4H_ORG,Knowledge Management and Sharing,Knowledge Processes (KM),KMO_3.1.8.7,question,Mentoring,2,"On demand and in person, is an individual voluntary process based on confident",scale,
IS4H_ORG,Knowledge Management and Sharing,Knowledge Processes (KM),KMO_3.1.8.7,question,Mentoring,3,"Some teams/units/departments have, as part of their institutional processes",scale,
IS4H_ORG,Knowledge Management and Sharing,Knowledge Processes (KM),KMO_3.1.8.7,question,Mentoring,4,Formal process under development in the entire institution,scale,
IS4H_ORG,Knowledge Management and Sharing,Knowledge Processes (KM),KMO_3.1.8.7,question,Mentoring,5,Established in a formal process and operationalized among areas of the organization with continuous improvement,scale,
IS4H_ORG,Knowledge Management and Sharing,Knowledge Processes (KM),KMO_3.1.8.8,question,Travel reports,1,No,scale,
IS4H_ORG,Knowledge Management and Sharing,Knowledge Processes (KM),KMO_3.1.8.8,question,Travel reports,2,"On demand and in person, is an individual voluntary process based on confident",scale,
IS4H_ORG,Knowledge Management and Sharing,Knowledge Processes (KM),KMO_3.1.8.8,question,Travel reports,3,"Some teams/units/departments have, as part of their institutional processes",scale,
IS4H_ORG,Knowledge Management and Sharing,Knowledge Processes (KM),KMO_3.1.8.8,question,Travel reports,4,Formal process under development in the entire institution,scale,
IS4H_ORG,Knowledge Management and Sharing,Knowledge Processes (KM),KMO_3.1.8.8,question,Travel reports,5,Established in a formal process and operationalized among areas of the organization with continuous improvement,scale,
IS4H_ORG,Knowledge Management and Sharing,Knowledge Processes (KM),KMO_3.1.8.9,question,Meeting reports,1,No,scale,
IS4H_ORG,Knowledge Management and Sharing,Knowledge Processes (KM),KMO_3.1.8.9,question,Meeting reports,2,"On demand and in person, is an individual voluntary process based on confident",scale,
IS4H_ORG,Knowledge Management and Sharing,Knowledge Processes (KM),KMO_3.1.8.9,question,Meeting reports,3,"Some teams/units/departments have, as part of their institutional processes",scale,
IS4H_ORG,Knowledge Management and Sharing,Knowledge Processes (KM),KMO_3.1.8.9,question,Meeting reports,4,Formal process under development in the entire institution,scale,
IS4H_ORG,Knowledge Management and Sharing,Knowledge Processes (KM),KMO_3.1.8.9,question,Meeting reports,5,Established in a formal process and operationalized among areas of the organization with continuous improvement,scale,
IS4H_ORG,Knowledge Management and Sharing,Knowledge Processes (KM),KMO_3.1.8.10,question,Communities of practice,1,No,scale,
IS4H_ORG,Knowledge Management and Sharing,Knowledge Processes (KM),KMO_3.1.8.10,question,Communities of practice,2,"On demand and in person, is an individual voluntary process based on confident",scale,
IS4H_ORG,Knowledge Management and Sharing,Knowledge Processes (KM),KMO_3.1.8.10,question,Communities of practice,3,"Some teams/units/departments have, as part of their institutional processes",scale,
IS4H_ORG,Knowledge Management and Sharing,Knowledge Processes (KM),KMO_3.1.8.10,question,Communities of practice,4,Formal process under development in the entire institution,scale,
IS4H_ORG,Knowledge Management and Sharing,Knowledge Processes (KM),KMO_3.1.8.10,question,Communities of practice,5,Established in a formal process and operationalized among areas of the organization with continuous improvement,scale,
IS4H_ORG,Knowledge Management and Sharing,Knowledge Processes (KM),KMO_3.1.8.11,question,Lessons learned,1,No,scale,
IS4H_ORG,Knowledge Management and Sharing,Knowledge Processes (KM),KMO_3.1.8.11,question,Lessons learned,2,"On demand and in person, is an individual voluntary process based on confident",scale,
IS4H_ORG,Knowledge Management and Sharing,Knowledge Processes (KM),KMO_3.1.8.11,question,Lessons learned,3,"Some teams/units/departments have, as part of their institutional processes",scale,
IS4H_ORG,Knowledge Management and Sharing,Knowledge Processes (KM),KMO_3.1.8.11,question,Lessons learned,4,Formal process under development in the entire institution,scale,
IS4H_ORG,Knowledge Management and Sharing,Knowledge Processes (KM),KMO_3.1.8.11,question,Lessons learned,5,Established in a formal process and operationalized among areas of the organization with continuous improvement,scale,
IS4H_ORG,Knowledge Management and Sharing,Knowledge Processes (KM),KMO_3.1.8.12,question,Critical Information sharing and managing,1,No,scale,
IS4H_ORG,Knowledge Management and Sharing,Knowledge Processes (KM),KMO_3.1.8.12,question,Critical Information sharing and managing,2,"On demand and in person, is an individual voluntary process based on confident",scale,
IS4H_ORG,Knowledge Management and Sharing,Knowledge Processes (KM),KMO_3.1.8.12,question,Critical Information sharing and managing,3,"Some teams/units/departments have, as part of their institutional processes",scale,
IS4H_ORG,Knowledge Management and Sharing,Knowledge Processes (KM),KMO_3.1.8.12,question,Critical Information sharing and managing,4,Formal process under development in the entire institution,scale,
IS4H_ORG,Knowledge Management and Sharing,Knowledge Processes (KM),KMO_3.1.8.12,question,Critical Information sharing and managing,5,Established in a formal process and operationalized among areas of the organization with continuous improvement,scale,
IS4H_ORG,Knowledge Management and Sharing,Knowledge Processes (KM),KMO_3.1.8.13,question,Virtual meetings,1,No,scale,
IS4H_ORG,Knowledge Management and Sharing,Knowledge Processes (KM),KMO_3.1.8.13,question,Virtual meetings,2,"On demand and in person, is an individual voluntary process based on confident",scale,
IS4H_ORG,Knowledge Management and Sharing,Knowledge Processes (KM),KMO_3.1.8.13,question,Virtual meetings,3,"Some teams/units/departments have, as part of their institutional processes",scale,
IS4H_ORG,Knowledge Management and Sharing,Knowledge Processes (KM),KMO_3.1.8.13,question,Virtual meetings,4,Formal process under development in the entire institution,scale,
IS4H_ORG,Knowledge Management and Sharing,Knowledge Processes (KM),KMO_3.1.8.13,question,Virtual meetings,5,Established in a formal process and operationalized among areas of the organization with continuous improvement,scale,
IS4H_ORG,Knowledge Management and Sharing,Knowledge Processes (KM),KMO_3.1.8.14,question,Social networking,1,No,scale,
IS4H_ORG,Knowledge Management and Sharing,Knowledge Processes (KM),KMO_3.1.8.14,question,Social networking,2,"On demand and in person, is an individual voluntary process based on confident",scale,
IS4H_ORG,Knowledge Management and Sharing,Knowledge Processes (KM),KMO_3.1.8.14,question,Social networking,3,"Some teams/units/departments have, as part of their institutional processes",scale,
IS4H_ORG,Knowledge Management and Sharing,Knowledge Processes (KM),KMO_3.1.8.14,question,Social networking,4,Formal process under development in the entire institution,scale,
IS4H_ORG,Knowledge Management and Sharing,Knowledge Processes (KM),KMO_3.1.8.14,question,Social networking,5,Established in a formal process and operationalized among areas of the organization with continuous improvement,scale,
IS4H_ORG,Knowledge Management and Sharing,Knowledge Processes (KM),KMO_3.1.9,subheading,There are KM SOPs on,,,,
IS4H_ORG,Knowledge Management and Sharing,Knowledge Processes (KM),KMO_3.1.9.1,question,Preservation of the Institutional Memory,1,No,scale,
IS4H_ORG,Knowledge Management and Sharing,Knowledge Processes (KM),KMO_3.1.9.1,question,Preservation of the Institutional Memory,2,"On demand and in person, is an individual voluntary process based on confident",scale,
IS4H_ORG,Knowledge Management and Sharing,Knowledge Processes (KM),KMO_3.1.9.1,question,Preservation of the Institutional Memory,3,"Some teams/units/departments have, as part of their institutional processes",scale,
IS4H_ORG,Knowledge Management and Sharing,Knowledge Processes (KM),KMO_3.1.9.1,question,Preservation of the Institutional Memory,4,Formal process under development in the entire institution,scale,
IS4H_ORG,Knowledge Management and Sharing,Knowledge Processes (KM),KMO_3.1.9.1,question,Preservation of the Institutional Memory,5,Established in a formal process and operationalized among areas of the organization with continuous improvement,scale,
IS4H_ORG,Knowledge Management and Sharing,Knowledge Processes (KM),KMO_3.1.9.2,question,Open access/open source,1,No,scale,
IS4H_ORG,Knowledge Management and Sharing,Knowledge Processes (KM),KMO_3.1.9.2,question,Open access/open source,2,"On demand and in person, is an individual voluntary process based on confident",scale,
IS4H_ORG,Knowledge Management and Sharing,Knowledge Processes (KM),KMO_3.1.9.2,question,Open access/open source,3,"Some teams/units/departments have, as part of their institutional processes",scale,
IS4H_ORG,Knowledge Management and Sharing,Knowledge Processes (KM),KMO_3.1.9.2,question,Open access/open source,4,Formal process under development in the entire institution,scale,
IS4H_ORG,Knowledge Management and Sharing,Knowledge Processes (KM),KMO_3.1.9.2,question,Open access/open source,5,Established in a formal process and operationalized among areas of the organization with continuous improvement,scale,
IS4H_ORG,Knowledge Management and Sharing,Knowledge Processes (KM),KMO_3.1.9.3,question,Research for health,1,No,scale,
IS4H_ORG,Knowledge Management and Sharing,Knowledge Processes (KM),KMO_3.1.9.3,question,Research for health,2,"On demand and in person, is an individual voluntary process based on confident",scale,
IS4H_ORG,Knowledge Management and Sharing,Knowledge Processes (KM),KMO_3.1.9.3,question,Research for health,3,"Some teams/units/departments have, as part of their institutional processes",scale,
IS4H_ORG,Knowledge Management and Sharing,Knowledge Processes (KM),KMO_3.1.9.3,question,Research for health,4,Formal process under development in the entire institution,scale,
IS4H_ORG,Knowledge Management and Sharing,Knowledge Processes (KM),KMO_3.1.9.3,question,Research for health,5,Established in a formal process and operationalized among areas of the organization with continuous improvement,scale,
IS4H_ORG,Knowledge Management and Sharing,Knowledge Processes (KM),KMO_3.1.9.4,question,Repositories,1,No,scale,
IS4H_ORG,Knowledge Management and Sharing,Knowledge Processes (KM),KMO_3.1.9.4,question,Repositories,2,"On demand and in person, is an individual voluntary process based on confident",scale,
IS4H_ORG,Knowledge Management and Sharing,Knowledge Processes (KM),KMO_3.1.9.4,question,Repositories,3,"Some teams/units/departments have, as part of their institutional processes",scale,
IS4H_ORG,Knowledge Management and Sharing,Knowledge Processes (KM),KMO_3.1.9.4,question,Repositories,4,Formal process under development in the entire institution,scale,
IS4H_ORG,Knowledge Management and Sharing,Knowledge Processes (KM),KMO_3.1.9.4,question,Repositories,5,Established in a formal process and operationalized among areas of the organization with continuous improvement,scale,
IS4H_ORG,Knowledge Management and Sharing,Knowledge Processes (KM),KMO_3.1.9.5,question,Information access,1,No,scale,
IS4H_ORG,Knowledge Management and Sharing,Knowledge Processes (KM),KMO_3.1.9.5,question,Information access,2,"On demand and in person, is an individual voluntary process based on confident",scale,
IS4H_ORG,Knowledge Management and Sharing,Knowledge Processes (KM),KMO_3.1.9.5,question,Information access,3,"Some teams/units/departments have, as part of their institutional processes",scale,
IS4H_ORG,Knowledge Management and Sharing,Knowledge Processes (KM),KMO_3.1.9.5,question,Information access,4,Formal process under development in the entire institution,scale,
IS4H_ORG,Knowledge Management and Sharing,Knowledge Processes (KM),KMO_3.1.9.5,question,Information access,5,Established in a formal process and operationalized among areas of the organization with continuous improvement,scale,
IS4H_ORG,Knowledge Management and Sharing,Knowledge Processes (KM),KMO_3.1.9.6,question,Editorial or publishing,1,No,scale,
IS4H_ORG,Knowledge Management and Sharing,Knowledge Processes (KM),KMO_3.1.9.6,question,Editorial or publishing,2,"On demand and in person, is an individual voluntary process based on confident",scale,
IS4H_ORG,Knowledge Management and Sharing,Knowledge Processes (KM),KMO_3.1.9.6,question,Editorial or publishing,3,"Some teams/units/departments have, as part of their institutional processes",scale,
IS4H_ORG,Knowledge Management and Sharing,Knowledge Processes (KM),KMO_3.1.9.6,question,Editorial or publishing,4,Formal process under development in the entire institution,scale,
IS4H_ORG,Knowledge Management and Sharing,Knowledge Processes (KM),KMO_3.1.9.6,question,Editorial or publishing,5,Established in a formal process and operationalized among areas of the organization with continuous improvement,scale,
IS4H_ORG,Knowledge Management and Sharing,Knowledge Processes (KM),KMO_3.1.9.7,question,Mentoring,1,No,scale,
IS4H_ORG,Knowledge Management and Sharing,Knowledge Processes (KM),KMO_3.1.9.7,question,Mentoring,2,"On demand and in person, is an individual voluntary process based on confident",scale,
IS4H_ORG,Knowledge Management and Sharing,Knowledge Processes (KM),KMO_3.1.9.7,question,Mentoring,3,"Some teams/units/departments have, as part of their institutional processes",scale,
IS4H_ORG,Knowledge Management and Sharing,Knowledge Processes (KM),KMO_3.1.9.7,question,Mentoring,4,Formal process under development in the entire institution,scale,
IS4H_ORG,Knowledge Management and Sharing,Knowledge Processes (KM),KMO_3.1.9.7,question,Mentoring,5,Established in a formal process and operationalized among areas of the organization with continuous improvement,scale,
IS4H_ORG,Knowledge Management and Sharing,Knowledge Processes (KM),KMO_3.1.9.8,question,Communities of practice,1,No,scale,
IS4H_ORG,Knowledge Management and Sharing,Knowledge Processes (KM),KMO_3.1.9.8,question,Communities of practice,2,"On demand and in person, is an individual voluntary process based on confident",scale,
IS4H_ORG,Knowledge Management and Sharing,Knowledge Processes (KM),KMO_3.1.9.8,question,Communities of practice,3,"Some teams/units/departments have, as part of their institutional processes",scale,
IS4H_ORG,Knowledge Management and Sharing,Knowledge Processes (KM),KMO_3.1.9.8,question,Communities of practice,4,Formal process under development in the entire institution,scale,
IS4H_ORG,Knowledge Management and Sharing,Knowledge Processes (KM),KMO_3.1.9.8,question,Communities of practice,5,Established in a formal process and operationalized among areas of the organization with continuous improvement,scale,
IS4H_ORG,Knowledge Management and Sharing,Knowledge Processes (KM),KMO_3.1.9.9,question,Lessons learned,1,No,scale,
IS4H_ORG,Knowledge Management and Sharing,Knowledge Processes (KM),KMO_3.1.9.9,question,Lessons learned,2,"On demand and in person, is an individual voluntary process based on confident",scale,
IS4H_ORG,Knowledge Management and Sharing,Knowledge Processes (KM),KMO_3.1.9.9,question,Lessons learned,3,"Some teams/units/departments have, as part of their institutional processes",scale,
IS4H_ORG,Knowledge Management and Sharing,Knowledge Processes (KM),KMO_3.1.9.9,question,Lessons learned,4,Formal process under development in the entire institution,scale,
IS4H_ORG,Knowledge Management and Sharing,Knowledge Processes (KM),KMO_3.1.9.9,question,Lessons learned,5,Established in a formal process and operationalized among areas of the organization with continuous improvement,scale,
IS4H_ORG,Knowledge Management and Sharing,Knowledge Processes (KM),KMO_3.1.9.10,question,Critical Information sharing and managing,1,No,scale,
IS4H_ORG,Knowledge Management and Sharing,Knowledge Processes (KM),KMO_3.1.9.10,question,Critical Information sharing and managing,2,"On demand and in person, is an individual voluntary process based on confident",scale,
IS4H_ORG,Knowledge Management and Sharing,Knowledge Processes (KM),KMO_3.1.9.10,question,Critical Information sharing and managing,3,"Some teams/units/departments have, as part of their institutional processes",scale,
IS4H_ORG,Knowledge Management and Sharing,Knowledge Processes (KM),KMO_3.1.9.10,question,Critical Information sharing and managing,4,Formal process under development in the entire institution,scale,
IS4H_ORG,Knowledge Management and Sharing,Knowledge Processes (KM),KMO_3.1.9.10,question,Critical Information sharing and managing,5,Established in a formal process and operationalized among areas of the organization with continuous improvement,scale,
IS4H_ORG,Knowledge Management and Sharing,Knowledge Processes (KM),KMO_3.1.9.11,question,Virtual meetings,1,No,scale,
IS4H_ORG,Knowledge Management and Sharing,Knowledge Processes (KM),KMO_3.1.9.11,question,Virtual meetings,2,"On demand and in person, is an individual voluntary process based on confident",scale,
IS4H_ORG,Knowledge Management and Sharing,Knowledge Processes (KM),KMO_3.1.9.11,question,Virtual meetings,3,"Some teams/units/departments have, as part of their institutional processes",scale,
IS4H_ORG,Knowledge Management and Sharing,Knowledge Processes (KM),KMO_3.1.9.11,question,Virtual meetings,4,Formal process under development in the entire institution,scale,
IS4H_ORG,Knowledge Management and Sharing,Knowledge Processes (KM),KMO_3.1.9.11,question,Virtual meetings,5,Established in a formal process and operationalized among areas of the organization with continuous improvement,scale,
IS4H_ORG,Knowledge Management and Sharing,Knowledge Processes (KM),KMO_3.1.9.12,question,Social networking,1,No,scale,
IS4H_ORG,Knowledge Management and Sharing,Knowledge Processes (KM),KMO_3.1.9.12,question,Social networking,2,"On demand and in person, is an individual voluntary process based on confident",scale,
IS4H_ORG,Knowledge Management and Sharing,Knowledge Processes (KM),KMO_3.1.9.12,question,Social networking,3,"Some teams/units/departments have, as part of their institutional processes",scale,
IS4H_ORG,Knowledge Management and Sharing,Knowledge Processes (KM),KMO_3.1.9.12,question,Social networking,4,Formal process under development in the entire institution,scale,
IS4H_ORG,Knowledge Management and Sharing,Knowledge Processes (KM),KMO_3.1.9.12,question,Social networking,5,Established in a formal process and operationalized among areas of the institution with continuous improvement,scale,
IS4H_ORG,Knowledge Management and Sharing,Knowledge Architecture,KMO_3.2.6.5,question,Uuse and evaluation of information technologies in order to support health priorities,5,"Yes, fully implemented and resourced",scale,
IS4H_ORG,Knowledge Management and Sharing,Knowledge Architecture,KMO_3.2.7,question,Leadership and staff awareness of Knowledge Management is,1,Beginner (a few knowledge),scale,
IS4H_ORG,Knowledge Management and Sharing,Knowledge Architecture,KMO_3.2.7,question,Leadership and staff awareness of Knowledge Management is,2,Developing (awareness among leadership and staff of the key concepts),scale,
IS4H_ORG,Knowledge Management and Sharing,Knowledge Architecture,KMO_3.2.7,question,Leadership and staff awareness of Knowledge Management is,3,Competent (IS4H skills strengthening is part of a training program),scale,
IS4H_ORG,Knowledge Management and Sharing,Knowledge Architecture,KMO_3.2.7,question,Leadership and staff awareness of Knowledge Management is,4,Advanced (Continuous capacity building framework on in place),scale,
IS4H_ORG,Knowledge Management and Sharing,Knowledge Architecture,KMO_3.2.7,question,Leadership and staff awareness of Knowledge Management is,5,Expert (Health staff and leadership incorporate functionally their KM Knowledge in their routine activities),scale,
IS4H_ORG,Knowledge Management and Sharing,Knowledge Architecture,KMO_3.2.8,subheading,The institution uses ICT tools and platforms that facilitate communication,,,,
IS4H_ORG,Knowledge Management and Sharing,Knowledge Architecture,KMO_3.2.8.1,question,Social networks,1,No,scale,
IS4H_ORG,Knowledge Management and Sharing,Knowledge Architecture,KMO_3.2.8.1,question,Social networks,2,Some teams/units/departments do randomly,scale,
IS4H_ORG,Knowledge Management and Sharing,Knowledge Architecture,KMO_3.2.8.1,question,Social networks,3,"Some teams/units/departments do as part of their routine, with their own selection criteria.",scale,
IS4H_ORG,Knowledge Management and Sharing,Knowledge Architecture,KMO_3.2.8.1,question,Social networks,4,"Yes, there are key shared tools and platforms among public health system",scale,
IS4H_ORG,Knowledge Management and Sharing,Knowledge Architecture,KMO_3.2.8.1,question,Social networks,5,"Yes, standardized and interoperable within institution",scale,
IS4H_ORG,Knowledge Management and Sharing,Knowledge Architecture,KMO_3.2.8.2,question,Web 2.0,1,No,scale,
IS4H_ORG,Knowledge Management and Sharing,Knowledge Architecture,KMO_3.2.8.2,question,Web 2.0,2,Some teams/units/departments do randomly,scale,
IS4H_ORG,Knowledge Management and Sharing,Knowledge Architecture,KMO_3.2.8.2,question,Web 2.0,3,"Some teams/units/departments do as part of their routine, with their own selection criteria.",scale,
IS4H_ORG,Knowledge Management and Sharing,Knowledge Architecture,KMO_3.2.8.2,question,Web 2.0,4,"Yes, there are key shared tools and platforms among public health system",scale,
IS4H_ORG,Knowledge Management and Sharing,Knowledge Architecture,KMO_3.2.8.2,question,Web 2.0,5,"Yes, standardized and interoperable within institution",scale,
IS4H_ORG,Knowledge Management and Sharing,Knowledge Architecture,KMO_3.2.8.3,question,Direct Messaging,1,No,scale,
IS4H_ORG,Knowledge Management and Sharing,Knowledge Architecture,KMO_3.2.8.3,question,Direct Messaging,2,Some teams/units/departments do randomly,scale,
IS4H_ORG,Knowledge Management and Sharing,Knowledge Architecture,KMO_3.2.8.3,question,Direct Messaging,3,"Some teams/units/departments do as part of their routine, with their own selection criteria.",scale,
IS4H_ORG,Knowledge Management and Sharing,Knowledge Architecture,KMO_3.2.8.3,question,Direct Messaging,4,"Yes, there are key shared tools and platforms among public health system",scale,
IS4H_ORG,Knowledge Management and Sharing,Knowledge Architecture,KMO_3.2.8.3,question,Direct Messaging,5,"Yes, standardized and interoperable within institution",scale,
IS4H_ORG,Knowledge Management and Sharing,Knowledge Architecture,KMO_3.2.8.4,question,APPs,1,No,scale,
IS4H_ORG,Knowledge Management and Sharing,Knowledge Architecture,KMO_3.2.8.4,question,APPs,2,Some teams/units/departments do randomly,scale,
IS4H_ORG,Knowledge Management and Sharing,Knowledge Architecture,KMO_3.2.8.4,question,APPs,3,"Some teams/units/departments do as part of their routine, with their own selection criteria.",scale,
IS4H_ORG,Knowledge Management and Sharing,Knowledge Architecture,KMO_3.2.8.4,question,APPs,4,"Yes, there are key shared tools and platforms among public health system",scale,
IS4H_ORG,Knowledge Management and Sharing,Knowledge Architecture,KMO_3.2.8.4,question,APPs,5,"Yes, standardized and interoperable within institution",scale,
IS4H_ORG,Knowledge Management and Sharing,Knowledge Architecture,KMO_3.2.9,subheading,The institution uses ICT tools and platforms that facilitate knowledge exchange and effective collaboration:,,,,
IS4H_ORG,Knowledge Management and Sharing,Knowledge Architecture,KMO_3.2.9.1,question,"Web Conferences (e.g.: WebEx, Blackboard, Skype, Adobe Connect. etc.)",1,No,scale,
IS4H_ORG,Knowledge Management and Sharing,Knowledge Architecture,KMO_3.2.9.1,question,"Web Conferences (e.g.: WebEx, Blackboard, Skype, Adobe Connect. etc.)",2,Some teams/units/departments do randomly,scale,
IS4H_ORG,Knowledge Management and Sharing,Knowledge Architecture,KMO_3.2.9.1,question,"Web Conferences (e.g.: WebEx, Blackboard, Skype, Adobe Connect. etc.)",3,"Some teams/units/departments do as part of their routine, with their own selection criteria.",scale,
IS4H_ORG,Knowledge Management and Sharing,Knowledge Architecture,KMO_3.2.9.1,question,"Web Conferences (e.g.: WebEx, Blackboard, Skype, Adobe Connect. etc.)",4,"Yes, there are key shared tools and platforms among public health system",scale,
IS4H_ORG,Knowledge Management and Sharing,Knowledge Architecture,KMO_3.2.9.1,question,"Web Conferences (e.g.: WebEx, Blackboard, Skype, Adobe Connect. etc.)",5,"Yes, standardized and interoperable within institution",scale,
IS4H_ORG,Knowledge Management and Sharing,Knowledge Architecture,KMO_3.2.9.2,question,Collaborative platforms / Forum,1,No,scale,
IS4H_ORG,Knowledge Management and Sharing,Knowledge Architecture,KMO_3.2.9.2,question,Collaborative platforms / Forum,2,Some teams/units/departments do randomly.,scale,
IS4H_ORG,Knowledge Management and Sharing,Knowledge Architecture,KMO_3.2.9.2,question,Collaborative platforms / Forum,3,"Some teams/units/departments do as part of their routine, with their own selection criteria.",scale,
IS4H_ORG,Knowledge Management and Sharing,Knowledge Architecture,KMO_3.2.9.2,question,Collaborative platforms / Forum,4,"Yes, there are key shared tools and platforms among public health system.",scale,
IS4H_ORG,Knowledge Management and Sharing,Knowledge Architecture,KMO_3.2.9.2,question,Collaborative platforms / Forum,5,"Yes, standardized and interoperable within institution.",scale,
IS4H_ORG,Knowledge Management and Sharing,Knowledge Architecture,KMO_3.2.9.3,question,Video Conference (CISCO),1,No,scale,
IS4H_ORG,Knowledge Management and Sharing,Knowledge Architecture,KMO_3.2.9.3,question,Video Conference (CISCO),2,Some teams/units/departments do randomly.,scale,
IS4H_ORG,Knowledge Management and Sharing,Knowledge Architecture,KMO_3.2.9.3,question,Video Conference (CISCO),3,"Some teams/units/departments do as part of their routine, with their own selection criteria.",scale,
IS4H_ORG,Knowledge Management and Sharing,Knowledge Architecture,KMO_3.2.9.3,question,Video Conference (CISCO),4,"Yes, there are key shared tools and platforms among public health system.",scale,
IS4H_ORG,Knowledge Management and Sharing,Knowledge Architecture,KMO_3.2.9.3,question,Video Conference (CISCO),5,"Yes, standardized and interoperable within institution.",scale,
IS4H_ORG,Knowledge Management and Sharing,Knowledge Architecture,KMO_3.2.9.4,question,Communities of Practice,1,No,scale,
IS4H_ORG,Knowledge Management and Sharing,Knowledge Architecture,KMO_3.2.9.4,question,Communities of Practice,2,Some teams/units/departments do randomly.,scale,
IS4H_ORG,Knowledge Management and Sharing,Knowledge Architecture,KMO_3.2.9.4,question,Communities of Practice,3,"Some teams/units/departments do as part of their routine, with their own selection criteria.",scale,
IS4H_ORG,Knowledge Management and Sharing,Knowledge Architecture,KMO_3.2.9.4,question,Communities of Practice,4,"Yes, there are key shared tools and platforms among public health system.",scale,
IS4H_ORG,Knowledge Management and Sharing,Knowledge Architecture,KMO_3.2.9.4,question,Communities of Practice,5,"Yes, standardized and interoperable within institution.",scale,
IS4H_ORG,Knowledge Management and Sharing,Knowledge Architecture,KMO_3.2.10,question,There is a methodology/process/policy to facilitate public access to contents resulting from research activities financed primarily by public funds,1,No,scale,
IS4H_ORG,Knowledge Management and Sharing,Knowledge Architecture,KMO_3.2.10,question,There is a methodology/process/policy to facilitate public access to contents resulting from research activities financed primarily by public funds,2,Some facilities/units/areas do as part of their ins.titutional processes,scale,
IS4H_ORG,Knowledge Management and Sharing,Knowledge Architecture,KMO_3.2.10,question,There is a methodology/process/policy to facilitate public access to contents resulting from research activities financed primarily by public funds,3,Formal process under development in the entire institution.,scale,
IS4H_ORG,Knowledge Management and Sharing,Knowledge Architecture,KMO_3.2.10,question,There is a methodology/process/policy to facilitate public access to contents resulting from research activities financed primarily by public funds,4,"Yes, established in a formal process and operationalized among areas of the organization for some qualified staff.",scale,
IS4H_ORG,Knowledge Management and Sharing,Knowledge Architecture,KMO_3.2.10,question,There is a methodology/process/policy to facilitate public access to contents resulting from research activities financed primarily by public funds,5,"Yes, established in a formal process and operationalized among all staff in all areas of the institution.",scale,
IS4H_ORG,Knowledge Management and Sharing,Strategic Communications,KMO_3.3,heading,Strategic Communications,,"Strategic tools and methodologies for supported decision-making. Public health communication strategy on institutional priority issues, as well as promoting (individual, social, and political) changes that lead to achievement and maintenance of health.",,
IS4H_ORG,Knowledge Management and Sharing,Strategic Communications,KMO_3.3.1,question,Strategic Communications,1,"There are routine public health communications on institutional priority issues (e.g., healthy lifestyle, vector control, etc.). Data and information typically flow only from entity (source) to central level.",scale,
IS4H_ORG,Knowledge Management and Sharing,Strategic Communications,KMO_3.3.1,question,Strategic Communications,2,"A informal public health communication strategy in in place, not operationalized. Public health strategic communications include healthy life style and prevention issues.",scale,
IS4H_ORG,Knowledge Management and Sharing,Strategic Communications,KMO_3.3.1,question,Strategic Communications,3,A formal public health communication strategy in place with targeted messages to specific audiences.,scale,
IS4H_ORG,Knowledge Management and Sharing,Strategic Communications,KMO_3.3.1,question,Strategic Communications,4,"There is a public health communication strategy with defined messages customized for specific audiences and purposes informed by institutional evidence. institutional authorities can measure the impact of strategic communications, and adjust communications strategies accordingly.",scale,
IS4H_ORG,Knowledge Management and Sharing,Strategic Communications,KMO_3.3.1,question,Strategic Communications,5,Strategic communications are informed by advanced analytics in near real-time.,scale,
IS4H_ORG,Knowledge Management and Sharing,Strategic Communications,KMO_3.3.2,question,Public health communication strategy,1,"No, some communications are oriented to institutional priority issues when occur (vector control, outbreaks, disasters).",scale,
IS4H_ORG,Knowledge Management and Sharing,Strategic Communications,KMO_3.3.2,question,Public health communication strategy,2,"Not a formal communication strategy in place, but there are routine ad hoc communication messages that include e.g. healthy life style and prevention issues",scale,
IS4H_ORG,Knowledge Management and Sharing,Strategic Communications,KMO_3.3.2,question,Public health communication strategy,3,"Yes, there is a health communication strategy with targeted messages to specific audiences.",scale,
IS4H_ORG,Knowledge Management and Sharing,Strategic Communications,KMO_3.3.2,question,Public health communication strategy,4,There is a health communication strategy with targeted messages to specific audiences and purposes informed by institutional evidence,scale,
IS4H_ORG,Knowledge Management and Sharing,Strategic Communications,KMO_3.3.2,question,Public health communication strategy,5,"Yes, health communications strategy allows flexibility and opportunity on interventions, oriented by advanced analytics in near real-time.",scale,
IS4H_ORG,Knowledge Management and Sharing,Strategic Communications,KMO_3.3.3,question,Data and information flow,1,"Information stays at the level of collection, used for self reports or specific reports to institutional or interinstitutional level",scale,
IS4H_ORG,Knowledge Management and Sharing,Strategic Communications,KMO_3.3.3,question,Data and information flow,2,"Routinely from source to central level, with no feedback to the local level.",scale,
IS4H_ORG,Knowledge Management and Sharing,Strategic Communications,KMO_3.3.3,question,Data and information flow,3,"Routinely from sources to central level, with some feedback to the local level with key information.",scale,
IS4H_ORG,Knowledge Management and Sharing,Strategic Communications,KMO_3.3.3,question,Data and information flow,4,There is feedback from central to local level.,scale,
IS4H_ORG,Knowledge Management and Sharing,Strategic Communications,KMO_3.3.3,question,Data and information flow,5,There is an integration of all sources levels for information use. Horizontal flow of information with permanent feedback.,scale,
IS4H_ORG,Knowledge Management and Sharing,Strategic Communications,KMO_3.3.4,question,Impact of strategic communications is measured,1,Not measured.,scale,
IS4H_ORG,Knowledge Management and Sharing,Strategic Communications,KMO_3.3.4,question,Impact of strategic communications is measured,2,"Yes, for some specific issues, not as routine.",scale,
IS4H_ORG,Knowledge Management and Sharing,Strategic Communications,KMO_3.3.4,question,Impact of strategic communications is measured,3,"Yes, routinely for all the communications to inform leadership.",scale,
IS4H_ORG,Knowledge Management and Sharing,Strategic Communications,KMO_3.3.4,question,Impact of strategic communications is measured,4,"Yes, and communications strategies are adjusted accordingly.",scale,
IS4H_ORG,Knowledge Management and Sharing,Strategic Communications,KMO_3.3.4,question,Impact of strategic communications is measured,5,"Impact of health communications is measured in real time by unstructured data, social networks.",scale,
IS4H_ORG,Knowledge Management and Sharing,Strategic Communications,KMO_3.3.5,question,Strategic communications are informed by,1,not informed by evidence,scale,
IS4H_ORG,Knowledge Management and Sharing,Strategic Communications,KMO_3.3.5,question,Strategic communications are informed by,2,use of external data over institutional data,scale,
IS4H_ORG,Knowledge Management and Sharing,Strategic Communications,KMO_3.3.5,question,Strategic communications are informed by,3,mix of institiutional data and intelligence and external evidence,scale,
IS4H_ORG,Knowledge Management and Sharing,Strategic Communications,KMO_3.3.5,question,Strategic communications are informed by,4,Institutional generated data and intelligence,scale,
IS4H_ORG,Knowledge Management and Sharing,Strategic Communications,KMO_3.3.5,question,Strategic communications are informed by,5,"Advanced analytics, structured and unstructured data by institutional capacities",scale,
IS4H_ORG,Knowledge Management and Sharing,Social Participation,KMO_3.4,heading,Social Participation,,"Transparency and sound communication in an early stage can build trust in the system and facilitate contributions and cooperation across different sections of society. Communication and engagement with civil society and the public through mechanisms for active encouragement and transparent decision making process.",,
IS4H_ORG,Knowledge Management and Sharing,Social Participation,KMO_3.4.1,question,Social Participation,1,"Communication with civil society and the public is typically ""one-way"" (e.g., through websites and advertising).",scale,
IS4H_ORG,Knowledge Management and Sharing,Social Participation,KMO_3.4.1,question,Social Participation,2,There is limited engagement with civil society and the public through basic mechanisms such as surveys and focus groups.,scale,
IS4H_ORG,Knowledge Management and Sharing,Social Participation,KMO_3.4.1,question,Social Participation,3,The participation of civil society in the health system is actively encouraged through social media and formal roles on governance bodies and advisory groups.,scale,
IS4H_ORG,Knowledge Management and Sharing,Social Participation,KMO_3.4.1,question,Social Participation,4,Civil society institutions and the public are constantly engaged,scale,
IS4H_ORG,Knowledge Management and Sharing,Social Participation,KMO_3.4.1,question,Social Participation,5,"Decisions by institution are transparent, driven by evidence and engagement with civil society and the public.",scale,
IS4H_ORG,Knowledge Management and Sharing,Social Participation,KMO_3.4.2,subheading,Communication mechanisms with civil society and the public,,,,
IS4H_ORG,Knowledge Management and Sharing,Social Participation,KMO_3.4.2.1,question,"One way (websites, advertising, etc.)",1,No,scale,
IS4H_ORG,Knowledge Management and Sharing,Social Participation,KMO_3.4.2.1,question,"One way (websites, advertising, etc.)",2,Some teams/units/departments do randomly.,scale,
IS4H_ORG,Knowledge Management and Sharing,Social Participation,KMO_3.4.2.1,question,"One way (websites, advertising, etc.)",3,"Some teams/units/departments do as part of their routine, with their own selection criteria.",scale,
IS4H_ORG,Knowledge Management and Sharing,Social Participation,KMO_3.4.2.1,question,"One way (websites, advertising, etc.)",4,"Yes , there are key shared tools and platforms among public health system.",scale,
IS4H_ORG,Knowledge Management and Sharing,Social Participation,KMO_3.4.2.1,question,"One way (websites, advertising, etc.)",5,"Yes, standardized and interoperable within institution.",scale,
IS4H_ORG,Knowledge Management and Sharing,Social Participation,KMO_3.4.2.2,question,Specific commemorative activities (campaigns),1,No,scale,
IS4H_ORG,Knowledge Management and Sharing,Social Participation,KMO_3.4.2.2,question,Specific commemorative activities (campaigns),2,Some teams/units/departments do randomly.,scale,
IS4H_ORG,Knowledge Management and Sharing,Social Participation,KMO_3.4.2.2,question,Specific commemorative activities (campaigns),3,"Some teams/units/departments do as part of their routine, with their own selection criteria.",scale,
IS4H_ORG,Knowledge Management and Sharing,Social Participation,KMO_3.4.2.2,question,Specific commemorative activities (campaigns),4,"Yes , there are key shared tools and platforms among public health system.",scale,
IS4H_ORG,Knowledge Management and Sharing,Social Participation,KMO_3.4.2.2,question,Specific commemorative activities (campaigns),5,"Yes, standardized and interoperable within institution.",scale,
IS4H_ORG,Knowledge Management and Sharing,Social Participation,KMO_3.4.2.3,question,Surveys,1,No,scale,
IS4H_ORG,Knowledge Management and Sharing,Social Participation,KMO_3.4.2.3,question,Surveys,2,Some teams/units/departments do randomly.,scale,
IS4H_ORG,Knowledge Management and Sharing,Social Participation,KMO_3.4.2.3,question,Surveys,3,"Some teams/units/departments do as part of their routine, with their own selection criteria.",scale,
IS4H_ORG,Knowledge Management and Sharing,Social Participation,KMO_3.4.2.3,question,Surveys,4,"Yes , there are key shared tools and platforms among public health system.",scale,
IS4H_ORG,Knowledge Management and Sharing,Social Participation,KMO_3.4.2.3,question,Surveys,5,"Yes, standardized and interoperable within institution.",scale,
IS4H_ORG,Knowledge Management and Sharing,Social Participation,KMO_3.4.2.4,question,Focus groups,1,No,scale,
IS4H_ORG,Knowledge Management and Sharing,Social Participation,KMO_3.4.2.4,question,Focus groups,2,Some teams/units/departments do randomly.,scale,
IS4H_ORG,Knowledge Management and Sharing,Social Participation,KMO_3.4.2.4,question,Focus groups,3,"Some teams/units/departments do as part of their routine, with their own selection criteria.",scale,
IS4H_ORG,Knowledge Management and Sharing,Social Participation,KMO_3.4.2.4,question,Focus groups,4,"Yes , there are key shared tools and platforms among public health system",scale,
IS4H_ORG,Knowledge Management and Sharing,Social Participation,KMO_3.4.2.4,question,Focus groups,5,"Yes, standardized and interoperable within institution.",scale,
IS4H_ORG,Knowledge Management and Sharing,Social Participation,KMO_3.4.2.5,question,Social networks and website interaction,1,No,scale,
IS4H_ORG,Knowledge Management and Sharing,Social Participation,KMO_3.4.2.5,question,Social networks and website interaction,2,Some teams/units/departments do randomly.,scale,
IS4H_ORG,Knowledge Management and Sharing,Social Participation,KMO_3.4.2.5,question,Social networks and website interaction,3,"Some teams/units/departments do as part of their routine, with their own selection criteria.",scale,
IS4H_ORG,Knowledge Management and Sharing,Social Participation,KMO_3.4.2.5,question,Social networks and website interaction,4,"Yes , there are key shared tools and platforms among public health system.",scale,
IS4H_ORG,Knowledge Management and Sharing,Social Participation,KMO_3.4.2.5,question,Social networks and website interaction,5,"Yes, standardized and interoperable within institution.",scale,
IS4H_ORG,Knowledge Management and Sharing,Social Participation,KMO_3.4.2.6,question,Participation in governance bodies,1,No,scale,
IS4H_ORG,Knowledge Management and Sharing,Social Participation,KMO_3.4.2.6,question,Participation in governance bodies,2,Some teams/units/departments do randomly.,scale,
IS4H_ORG,Knowledge Management and Sharing,Social Participation,KMO_3.4.2.6,question,Participation in governance bodies,3,"Some teams/units/departments do as part of their routine, with their own selection criteria.",scale,
IS4H_ORG,Knowledge Management and Sharing,Social Participation,KMO_3.4.2.6,question,Participation in governance bodies,4,"Yes , there are key shared tools and platforms among public health system",scale,
IS4H_ORG,Knowledge Management and Sharing,Social Participation,KMO_3.4.2.6,question,Participation in governance bodies,5,"Yes, standardized and interoperable within institution.",scale,
IS4H_ORG,Knowledge Management and Sharing,Social Participation,KMO_3.4.2.7,question,Participation in advisory groups,1,No,scale,
IS4H_ORG,Knowledge Management and Sharing,Social Participation,KMO_3.4.2.7,question,Participation in advisory groups,2,Some teams/units/departments do randomly.,scale,
IS4H_ORG,Knowledge Management and Sharing,Social Participation,KMO_3.4.2.7,question,Participation in advisory groups,3,"Some teams/units/departments do as part of their routine, with their own selection criteria.",scale,
IS4H_ORG,Knowledge Management and Sharing,Social Participation,KMO_3.4.2.7,question,Participation in advisory groups,4,"Yes , there are key shared tools and platforms among public health system.",scale,
IS4H_ORG,Knowledge Management and Sharing,Social Participation,KMO_3.4.2.7,question,Participation in advisory groups,5,"Yes, standardized and interoperable within institution.",scale,
IS4H_ORG,Knowledge Management and Sharing,Social Participation,KMO_3.4.3,question,Civil society and/or the public are included in health decisions,1,No,scale,
IS4H_ORG,Knowledge Management and Sharing,Social Participation,KMO_3.4.3,question,Civil society and/or the public are included in health decisions,2,"Yes, through indirect methods like surveys.",scale,
IS4H_ORG,Knowledge Management and Sharing,Social Participation,KMO_3.4.3,question,Civil society and/or the public are included in health decisions,3,"Yes, through direct methods as surveys or focus groups, community meetings/forums.",scale,
IS4H_ORG,Knowledge Management and Sharing,Social Participation,KMO_3.4.3,question,Civil society and/or the public are included in health decisions,4,"Yes, as part of standing advisory or decision-making bodies.",scale,
IS4H_ORG,Knowledge Management and Sharing,Social Participation,KMO_3.4.3,question,Civil society and/or the public are included in health decisions,5,"Yes, continuously integrated into decision-making through a variety of engagement mechanisms.",scale,
IS4H_ORG,Knowledge Management and Sharing,Academia & Scientific Community,KMO_3.5,heading,Academia & Scientific Community,,The academic and scientific communities contribute to research and producing new knowledge in health.,,
IS4H_ORG,Knowledge Management and Sharing,Academia & Scientific Community,KMO_3.5.1,question,Academia & Scientific Community,1,No formal relationships have been established between health authorities and the academic/scientific community.,scale,
IS4H_ORG,Knowledge Management and Sharing,Academia & Scientific Community,KMO_3.5.1,question,Academia & Scientific Community,2,"Relations with academia are fluid, informal and on demand",scale,
IS4H_ORG,Knowledge Management and Sharing,Academia & Scientific Community,KMO_3.5.1,question,Academia & Scientific Community,3,Formal relationships with academia have been established to expand institutional knowledge and learning.,scale,
IS4H_ORG,Knowledge Management and Sharing,Academia & Scientific Community,KMO_3.5.1,question,Academia & Scientific Community,4,Formal relationships have been established with academia/scientific community focused on supporting projects and programs with specific studies.,scale,
IS4H_ORG,Knowledge Management and Sharing,Academia & Scientific Community,KMO_3.5.1,question,Academia & Scientific Community,5,"Formal relationships have been established with academia/scientific community focused on supporting specific projects or studies, support decision-making and programs evaluation.",scale,
IS4H_ORG,Knowledge Management and Sharing,Academia & Scientific Community,KMO_3.5.2,question,The institution formally integrates academia in,1,No integration or collaboration.,scale,
IS4H_ORG,Knowledge Management and Sharing,Academia & Scientific Community,KMO_3.5.2,question,The institution formally integrates academia in,2,"No, there are informal relations, not supported by formal documents, based on relations among staff and academia. personnel.",scale,
IS4H_ORG,Knowledge Management and Sharing,Academia & Scientific Community,KMO_3.5.2,question,The institution formally integrates academia in,3,Expand institutional knowledge and learning (training activities) based on formal relationship.,scale,
IS4H_ORG,Knowledge Management and Sharing,Academia & Scientific Community,KMO_3.5.2,question,The institution formally integrates academia in,4,"Public health interventions, through their experts support, ongoing with results.",scale,
IS4H_ORG,Knowledge Management and Sharing,Academia & Scientific Community,KMO_3.5.2,question,The institution formally integrates academia in,5,To support the process of public health policy making through evidence integration and public health programs evaluation,scale,
IS4H_ORG,Knowledge Management and Sharing,Academia & Scientific Community,KMO_3.5.3,question,The institution has an expert advisory group of selected external experts.,1,No technical advisory group.,scale,
IS4H_ORG,Knowledge Management and Sharing,Academia & Scientific Community,KMO_3.5.3,question,The institution has an expert advisory group of selected external experts.,2,"No, but experts are consulted ad hoc for some specific program/units/staff/leadership, to solve specific problems.",scale,
IS4H_ORG,Knowledge Management and Sharing,Academia & Scientific Community,KMO_3.5.3,question,The institution has an expert advisory group of selected external experts.,3,"No, in process of implementation. The group works ad hoc.",scale,
IS4H_ORG,Knowledge Management and Sharing,Academia & Scientific Community,KMO_3.5.3,question,The institution has an expert advisory group of selected external experts.,4,"Yes, if needed, a group is convocated for specific needs on policy and decision-making based on evidence but does not meet regularly.",scale,
IS4H_ORG,Knowledge Management and Sharing,Academia & Scientific Community,KMO_3.5.3,question,The institution has an expert advisory group of selected external experts.,5,"Yes, there are all the technical advisory groups needed in place, that meet regularly.",scale,
IS4H_ORG,Knowledge Management and Sharing,Networks,KMO_3.6,heading,Networks,,"Different types of networks implemented, such as: strategic and diplomatic networks of relations, thematic and knowledge networks, and social networks for community engagement",,
IS4H_ORG,Knowledge Management and Sharing,Networks,KMO_3.6.1,question,Networks,1,Networks for knowledge sharing are typically ad hoc and informal.,scale,
IS4H_ORG,Knowledge Management and Sharing,Networks,KMO_3.6.1,question,Networks,2,"Staff participate in knowledge networks (e.g. communities of practice, conferences, listservs) on ad hoc basis",scale,
IS4H_ORG,Knowledge Management and Sharing,Networks,KMO_3.6.1,question,Networks,3,Participation in communities of practice is encouraged and staff routinely capture and share knowledge from these forums.,scale,
IS4H_ORG,Knowledge Management and Sharing,Networks,KMO_3.6.1,question,Networks,4,Knowledge networks are integrated into institutional structures and practices by a resources and compensations program.,scale,
IS4H_ORG,Knowledge Management and Sharing,Networks,KMO_3.6.1,question,Networks,5,"As an integrated institutional practice, participating and creating networks is focused in helping the institution to continually identify and adopt emerging knowledge.",scale,
IS4H_ORG,Knowledge Management and Sharing,Networks,KMO_3.6.2,question,There are internal networks for knowledge sharing,1,"No, but staff participates and organize ad hoc.",scale,
IS4H_ORG,Knowledge Management and Sharing,Networks,KMO_3.6.2,question,There are internal networks for knowledge sharing,2,"Staff and leadership participate ad hoc in local initiatives. (communities of practice, conferences, listservs).",scale,
IS4H_ORG,Knowledge Management and Sharing,Networks,KMO_3.6.2,question,There are internal networks for knowledge sharing,3,Participation in knowledge networks is encouraged and led by leadership and is known as an essential way for capturing and sharing knowledge.,scale,
IS4H_ORG,Knowledge Management and Sharing,Networks,KMO_3.6.2,question,There are internal networks for knowledge sharing,4,Organization and development of knowledge network for capturing and sharing knowledge is resourced and implemented.,scale,
IS4H_ORG,Knowledge Management and Sharing,Networks,KMO_3.6.2,question,There are internal networks for knowledge sharing,5,Knowledge networks are integrated into institutional structures and practices as a way of identify and adopt emerging knowledge.,scale,
IS4H_ORG,Knowledge Management and Sharing,Networks,KMO_3.6.3,question,Interprogramatic networks for specific projects are,1,"Not created, decisions are made by the entity or staff with the direct responsibility.",scale,
IS4H_ORG,Knowledge Management and Sharing,Networks,KMO_3.6.3,question,Interprogramatic networks for specific projects are,2,"No, but some teams create ad hoc networks to implement some projects.",scale,
IS4H_ORG,Knowledge Management and Sharing,Networks,KMO_3.6.3,question,Interprogramatic networks for specific projects are,3,"There are some successful formal initiatives at the team/unit level, but not part of departamentel/institutional routine.",scale,
IS4H_ORG,Knowledge Management and Sharing,Networks,KMO_3.6.3,question,Interprogramatic networks for specific projects are,4,"Yes, is encouraged by management as part of project implementation.",scale,
IS4H_ORG,Knowledge Management and Sharing,Networks,KMO_3.6.3,question,Interprogramatic networks for specific projects are,5,There is a mechanism in place for each project to create interprogramatic or multisectoral networks to generate better impact and results.,scale,
IS4H_ORG,Knowledge Management and Sharing,Networks,KMO_3.6.4,question,Participation in interinstitutional networks for knowledge sharing,1,No,scale,
IS4H_ORG,Knowledge Management and Sharing,Networks,KMO_3.6.4,question,Participation in interinstitutional networks for knowledge sharing,2,"Staff and leadership participates ad hoc in interinstitutional initiatives (communities of practice, conferences, listservs).",scale,
IS4H_ORG,Knowledge Management and Sharing,Networks,KMO_3.6.4,question,Participation in interinstitutional networks for knowledge sharing,3,"Participation in interinstitutional knowledge network is encouraged by leadership, as an essential way for capturing and sharing knowledge.",scale,
IS4H_ORG,Knowledge Management and Sharing,Networks,KMO_3.6.4,question,Participation in interinstitutional networks for knowledge sharing,4,Participation in interinstitutional knowledge network is part of the staff responsibility and is included in job descriptions.,scale,
IS4H_ORG,Knowledge Management and Sharing,Networks,KMO_3.6.4,question,Participation in interinstitutional networks for knowledge sharing,5,Is integrated into institutional structures and practice as a way to identify and adopt emerging knowledge.,scale,.2,heading,Knowledge Architecture,,"Knowledge management and sharing policies, processes, infrastructure, tools and skills strengthening as part of a learning organization framework.",,